{
    "A": {
        "targets": [
            "Count",
            "Broken_Count",
            "Long_Count",
            "Black_Count",
            "Chalky_Count"
        ],
        "means": [
            7.199141979217529,
            5.895303249359131,
            6.1398162841796875,
            5.90764856338501,
            4.079264163970947
        ],
        "stds": [
            0.22648996114730835,
            0.6058224439620972,
            0.7609050869941711,
            1.056283950805664,
            3.1935513019561768
        ],
        "is_log": true
    },
    "B": {
        "targets": [
            "Medium_Count",
            "Red_Count",
            "Yellow_Count",
            "Green_Count"
        ],
        "means": [
            0.3935488760471344,
            2.3584141731262207,
            2.6008055210113525,
            1.5247896909713745
        ],
        "stds": [
            0.6480414271354675,
            1.2596206665039062,
            2.0565035343170166,
            2.33004093170166
        ],
        "is_log": true
    },
    "C": {
        "targets": [
            "WK_Length_Average",
            "WK_Width_Average",
            "WK_LW_Ratio_Average",
            "Average_L",
            "Average_a",
            "Average_b"
        ],
        "means": [
            7.649605751037598,
            2.5620148181915283,
            3.067814588546753,
            64.26368713378906,
            3.5963752269744873,
            16.53748321533203
        ],
        "stds": [
            1.2178096771240234,
            0.37489885091781616,
            0.3463200032711029,
            6.321452617645264,
            4.721838474273682,
            13.028647422790527
        ],
        "is_log": false
    }
}